Languages,P
English,0.214285714
Spanish,0.114285714
French,0.114285714
German,0.085714286
Russian,0.014285714
Italian,0.214285714
Polish,0.014285714
Dutch,0.014285714
Ukrainian,0.042857143
Swedish,0.014285714
Norwegian,0.014285714
Danish,0.014285714
Greek,0.028571429
Portuguese,0.014285714
Turkish,0.014285714
Hungarian,0.014285714
Romanian,0.014285714
Bulgarian,0.014285714
Serbo_Croatian,0.014285714
Finnish,0.014285714